0,Date
28-Jan-16,28-01-2016
25-Feb-16,25-02-2016
31-Mar-16,31-03-2016
28-Apr-16,28-04-2016
26-May-16,26-05-2016
30-Jun-16,30-06-2016
28-Jul-16,28-07-2016
25-Aug-16,25-08-2016
29-Sep-16,29-09-2016
27-Oct-16,27-10-2016
24-Nov-16,24-11-2016
29-Dec-16,29-12-2016
25-Jan-17,25-01-2017
23-Feb-17,23-02-2017
30-Mar-17,30-03-2017
27-Apr-17,27-04-2017
25-May-17,25-05-2017
29-Jun-17,29-06-2017
27-Jul-17,27-07-2017
31-Aug-17,31-08-2017
28-Sep-17,28-09-2017
26-Oct-17,26-10-2017
30-Nov-17,30-11-2017
28-Dec-17,28-12-2017
25-Jan-18,25-01-2018
22-Feb-18,22-02-2018
28-Mar-18,28-03-2018
26-Apr-18,26-04-2018
31-May-18,31-05-2018
28-Jun-18,28-06-2018
26-Jul-18,26-07-2018
30-Aug-18,30-08-2018
27-Sep-18,27-09-2018
25-Oct-18,25-10-2018
29-Nov-18,29-11-2018
27-Dec-18,27-12-2018
31-Jan-19,31-01-2019
28-Feb-19,28-02-2019
28-Mar-19,28-03-2019
25-Apr-19,25-04-2019
30-May-19,30-05-2019
27-Jun-19,27-06-2019
25-Jul-19,25-07-2019
29-Aug-19,29-08-2019
26-Sep-19,26-09-2019
31-Oct-19,31-10-2019
28-Nov-19,28-11-2019
26-Dec-19,26-12-2019
30-Jan-20,30-01-2020
27-Feb-20,27-02-2020
26-Mar-20,26-03-2020
30-Apr-20,30-04-2020
28-May-20,28-05-2020
25-Jun-20,25-06-2020
30-Jul-20,30-07-2020
27-Aug-20,27-08-2020
24-Sep-20,24-09-2020
29-Oct-20,29-10-2020
26-Nov-20,26-11-2020
31-Dec-20,31-12-2020
28-Jan-21,28-01-2021
25-Feb-21,25-02-2021
25-Mar-21,25-03-2021
29-Apr-21,29-04-2021
27-May-21,27-05-2021
24-Jun-21,24-06-2021
29-Jul-21,29-07-2021
26-Aug-21,26-08-2021
30-Sep-21,30-09-2021
28-Oct-21,28-10-2021
25-Nov-21,25-11-2021
30-Dec-21,30-12-2021
27-Jan-22,27-01-2022
24-Feb-22,24-02-2022
31-Mar-22,31-03-2022
28-Apr-22,28-04-2022
26-May-22,27-05-2022
30-Jun-22,30-06-2022
28-Jul-22,28-07-2022
